Workbook

Sheet Lead_Database
A1: Lead ID | B1: Company Name | C1: Industry | D1: Country | E1: City | F1: Company Size | G1: Contact Name | H1: Job Title | I1: Lead Source | J1: Estimated Deal Value | K1: Website | L1: Email | M1: Contact Status | N1: Last Contact Date | O1: Next Follow-up | P1: Lead Score | Q1: Lead Category | R1: Sales Stage | S1: Deal Status | T1: Industry Score | U1: Company Size Score | V1: Country Score | W1: Deal Value Score | X1: Engagement Score
A2: L001 | B2: Nova Retail | C2: Retail | D2: Australia | E2: Melbourne | F2: 51-200 | G2: Liam Carter | H2: Sales Director | I2: Website | J2: 18000 | M2: Meeting Booked | N2: 46287 | O2: 46294 | P2: =SUM(T2:X2) -> 88 | Q2: =IF(P2>=80,"Hot",IF(P2>=60,"Warm","Cold")) -> Hot | R2: Meeting | S2: Open | T2: =IF(C2="IT Services",25,IF(C2="Retail",25,IF(C2="Construction",20,IF(C2="Food & Beverage",20,IF(C2="Travel",15,5))))) -> 25 | U2: =IF(F2="201-500",20,IF(F2="51-200",15,IF(F2="11-50",10,5))) -> 15 | V2: =IF(D2="Australia",20,IF(D2="Singapore",18,IF(D2="UAE",15,IF(D2="India",12,5)))) -> 20 | W2: =IF(J2>20000,25,IF(J2>=10000,18,IF(J2>=5000,10,5))) -> 18 | X2: =IF(M2="Meeting Booked",10,IF(M2="Replied",8,IF(M2="Email Opened",5,0))) -> 10
A3: L002 | B3: UrbanBuild | C3: Construction | D3: UAE | E3: Dubai | F3: 201-500 | G3: Omar Hassan | H3: Procurement Manager | I3: Referral | J3: 25000 | M3: Replied | N3: 46286 | O3: 46293 | P3: =SUM(T3:X3) -> 88 | Q3: =IF(P3>=80,"Hot",IF(P3>=60,"Warm","Cold")) -> Hot | R3: Qualified | S3: Open | T3: =IF(C3="IT Services",25,IF(C3="Retail",25,IF(C3="Construction",20,IF(C3="Food & Beverage",20,IF(C3="Travel",15,5))))) -> 20 | U3: =IF(F3="201-500",20,IF(F3="51-200",15,IF(F3="11-50",10,5))) -> 20 | V3: =IF(D3="Australia",20,IF(D3="Singapore",18,IF(D3="UAE",15,IF(D3="India",12,5)))) -> 15 | W3: =IF(J3>20000,25,IF(J3>=10000,18,IF(J3>=5000,10,5))) -> 25 | X3: =IF(M3="Meeting Booked",10,IF(M3="Replied",8,IF(M3="Email Opened",5,0))) -> 8
A4: L003 | B4: GreenFoods | C4: Food & Beverage | D4: India | E4: Mumbai | F4: 51-200 | G4: Aarav Mehta | H4: Business Development Manager | I4: Email Campaign | J4: 12000 | M4: Email Opened | N4: 46285 | O4: 46292 | P4: =SUM(T4:X4) -> 70 | Q4: =IF(P4>=80,"Hot",IF(P4>=60,"Warm","Cold")) -> Warm | R4: Contacted | S4: Open | T4: =IF(C4="IT Services",25,IF(C4="Retail",25,IF(C4="Construction",20,IF(C4="Food & Beverage",20,IF(C4="Travel",15,5))))) -> 20 | U4: =IF(F4="201-500",20,IF(F4="51-200",15,IF(F4="11-50",10,5))) -> 15 | V4: =IF(D4="Australia",20,IF(D4="Singapore",18,IF(D4="UAE",15,IF(D4="India",12,5)))) -> 12 | W4: =IF(J4>20000,25,IF(J4>=10000,18,IF(J4>=5000,10,5))) -> 18 | X4: =IF(M4="Meeting Booked",10,IF(M4="Replied",8,IF(M4="Email Opened",5,0))) -> 5
A5: L004 | B5: TechServe | C5: IT Services | D5: Singapore | E5: Singapore | F5: 11-50 | G5: Daniel Tan | H5: Operations Manager | I5: Website | J5: 8000 | M5: No Response | N5: 46283 | O5: 46291 | P5: =SUM(T5:X5) -> 63 | Q5: =IF(P5>=80,"Hot",IF(P5>=60,"Warm","Cold")) -> Warm | R5: Contacted | S5: Open | T5: =IF(C5="IT Services",25,IF(C5="Retail",25,IF(C5="Construction",20,IF(C5="Food & Beverage",20,IF(C5="Travel",15,5))))) -> 25 | U5: =IF(F5="201-500",20,IF(F5="51-200",15,IF(F5="11-50",10,5))) -> 10 | V5: =IF(D5="Australia",20,IF(D5="Singapore",18,IF(D5="UAE",15,IF(D5="India",12,5)))) -> 18 | W5: =IF(J5>20000,25,IF(J5>=10000,18,IF(J5>=5000,10,5))) -> 10 | X5: =IF(M5="Meeting Booked",10,IF(M5="Replied",8,IF(M5="Email Opened",5,0))) -> 0
A6: L005 | B6: Oceanic Travel | C6: Travel | D6: Australia | E6: Sydney | F6: 11-50 | G6: Ethan Brooks | H6: General Manager | I6: LinkedIn | J6: 15000 | M6: Meeting Booked | N6: 46288 | O6: 46295 | P6: =SUM(T6:X6) -> 73 | Q6: =IF(P6>=80,"Hot",IF(P6>=60,"Warm","Cold")) -> Warm | R6: Meeting | S6: Open | T6: =IF(C6="IT Services",25,IF(C6="Retail",25,IF(C6="Construction",20,IF(C6="Food & Beverage",20,IF(C6="Travel",15,5))))) -> 15 | U6: =IF(F6="201-500",20,IF(F6="51-200",15,IF(F6="11-50",10,5))) -> 10 | V6: =IF(D6="Australia",20,IF(D6="Singapore",18,IF(D6="UAE",15,IF(D6="India",12,5)))) -> 20 | W6: =IF(J6>20000,25,IF(J6>=10000,18,IF(J6>=5000,10,5))) -> 18 | X6: =IF(M6="Meeting Booked",10,IF(M6="Replied",8,IF(M6="Email Opened",5,0))) -> 10
A7: L006 | B7: BrightMart | C7: Retail | D7: Australia | E7: Brisbane | F7: 51-200 | G7: Sophie Williams | H7: Head of Sales | I7: Referral | J7: 14500 | M7: Replied | N7: 46287 | O7: 46294 | P7: =SUM(T7:X7) -> 86 | Q7: =IF(P7>=80,"Hot",IF(P7>=60,"Warm","Cold")) -> Hot | R7: Qualified | S7: Open | T7: =IF(C7="IT Services",25,IF(C7="Retail",25,IF(C7="Construction",20,IF(C7="Food & Beverage",20,IF(C7="Travel",15,5))))) -> 25 | U7: =IF(F7="201-500",20,IF(F7="51-200",15,IF(F7="11-50",10,5))) -> 15 | V7: =IF(D7="Australia",20,IF(D7="Singapore",18,IF(D7="UAE",15,IF(D7="India",12,5)))) -> 20 | W7: =IF(J7>20000,25,IF(J7>=10000,18,IF(J7>=5000,10,5))) -> 18 | X7: =IF(M7="Meeting Booked",10,IF(M7="Replied",8,IF(M7="Email Opened",5,0))) -> 8
A8: L007 | B8: MetroBuild | C8: Construction | D8: India | E8: Pune | F8: 201-500 | G8: Rohan Patil | H8: Operations Director | I8: Website | J8: 22000 | M8: Meeting Booked | N8: 46286 | O8: 46293 | P8: =SUM(T8:X8) -> 87 | Q8: =IF(P8>=80,"Hot",IF(P8>=60,"Warm","Cold")) -> Hot | R8: Meeting | S8: Open | T8: =IF(C8="IT Services",25,IF(C8="Retail",25,IF(C8="Construction",20,IF(C8="Food & Beverage",20,IF(C8="Travel",15,5))))) -> 20 | U8: =IF(F8="201-500",20,IF(F8="51-200",15,IF(F8="11-50",10,5))) -> 20 | V8: =IF(D8="Australia",20,IF(D8="Singapore",18,IF(D8="UAE",15,IF(D8="India",12,5)))) -> 12 | W8: =IF(J8>20000,25,IF(J8>=10000,18,IF(J8>=5000,10,5))) -> 25 | X8: =IF(M8="Meeting Booked",10,IF(M8="Replied",8,IF(M8="Email Opened",5,0))) -> 10
A9: L008 | B9: FreshBite | C9: Food & Beverage | D9: Australia | E9: Sydney | F9: 11-50 | G9: Emma Wilson | H9: Marketing Manager | I9: Email Campaign | J9: 7500 | M9: Email Opened | N9: 46284 | O9: 46291 | P9: =SUM(T9:X9) -> 65 | Q9: =IF(P9>=80,"Hot",IF(P9>=60,"Warm","Cold")) -> Warm | R9: Contacted | S9: Open | T9: =IF(C9="IT Services",25,IF(C9="Retail",25,IF(C9="Construction",20,IF(C9="Food & Beverage",20,IF(C9="Travel",15,5))))) -> 20 | U9: =IF(F9="201-500",20,IF(F9="51-200",15,IF(F9="11-50",10,5))) -> 10 | V9: =IF(D9="Australia",20,IF(D9="Singapore",18,IF(D9="UAE",15,IF(D9="India",12,5)))) -> 20 | W9: =IF(J9>20000,25,IF(J9>=10000,18,IF(J9>=5000,10,5))) -> 10 | X9: =IF(M9="Meeting Booked",10,IF(M9="Replied",8,IF(M9="Email Opened",5,0))) -> 5
A10: L009 | B10: CloudAxis | C10: IT Services | D10: Singapore | E10: Singapore | F10: 51-200 | G10: Ryan Lee | H10: IT Manager | I10: LinkedIn | J10: 19000 | M10: Replied | N10: 46288 | O10: 46295 | P10: =SUM(T10:X10) -> 84 | Q10: =IF(P10>=80,"Hot",IF(P10>=60,"Warm","Cold")) -> Hot | R10: Qualified | S10: Open | T10: =IF(C10="IT Services",25,IF(C10="Retail",25,IF(C10="Construction",20,IF(C10="Food & Beverage",20,IF(C10="Travel",15,5))))) -> 25 | U10: =IF(F10="201-500",20,IF(F10="51-200",15,IF(F10="11-50",10,5))) -> 15 | V10: =IF(D10="Australia",20,IF(D10="Singapore",18,IF(D10="UAE",15,IF(D10="India",12,5)))) -> 18 | W10: =IF(J10>20000,25,IF(J10>=10000,18,IF(J10>=5000,10,5))) -> 18 | X10: =IF(M10="Meeting Booked",10,IF(M10="Replied",8,IF(M10="Email Opened",5,0))) -> 8
A11: L010 | B11: DesertHomes | C11: Construction | D11: UAE | E11: Dubai | F11: 51-200 | G11: Ahmed Khan | H11: Business Development Director | I11: Referral | J11: 16500 | M11: Contacted | N11: 46282 | O11: 46290 | P11: =SUM(T11:X11) -> 68 | Q11: =IF(P11>=80,"Hot",IF(P11>=60,"Warm","Cold")) -> Warm | R11: Contacted | S11: Open | T11: =IF(C11="IT Services",25,IF(C11="Retail",25,IF(C11="Construction",20,IF(C11="Food & Beverage",20,IF(C11="Travel",15,5))))) -> 20 | U11: =IF(F11="201-500",20,IF(F11="51-200",15,IF(F11="11-50",10,5))) -> 15 | V11: =IF(D11="Australia",20,IF(D11="Singapore",18,IF(D11="UAE",15,IF(D11="India",12,5)))) -> 15 | W11: =IF(J11>20000,25,IF(J11>=10000,18,IF(J11>=5000,10,5))) -> 18 | X11: =IF(M11="Meeting Booked",10,IF(M11="Replied",8,IF(M11="Email Opened",5,0))) -> 0
A12: L011 | B12: HealthFirst | C12: Healthcare | D12: India | E12: Mumbai | F12: 201-500 | G12: Arjun Sharma | H12: Retail Operations Manager | I12: Website | J12: 28000 | M12: Meeting Booked | N12: 46287 | O12: 46294 | P12: =SUM(T12:X12) -> 72 | Q12: =IF(P12>=80,"Hot",IF(P12>=60,"Warm","Cold")) -> Warm | R12: Meeting | S12: Open | T12: =IF(C12="IT Services",25,IF(C12="Retail",25,IF(C12="Construction",20,IF(C12="Food & Beverage",20,IF(C12="Travel",15,5))))) -> 5 | U12: =IF(F12="201-500",20,IF(F12="51-200",15,IF(F12="11-50",10,5))) -> 20 | V12: =IF(D12="Australia",20,IF(D12="Singapore",18,IF(D12="UAE",15,IF(D12="India",12,5)))) -> 12 | W12: =IF(J12>20000,25,IF(J12>=10000,18,IF(J12>=5000,10,5))) -> 25 | X12: =IF(M12="Meeting Booked",10,IF(M12="Replied",8,IF(M12="Email Opened",5,0))) -> 10
A13: L012 | B13: EduSpark | C13: Education | D13: Australia | E13: Melbourne | F13: 51-200 | G13: Olivia Brown | H13: Commercial Manager | I13: Email Campaign | J13: 11000 | M13: Replied | N13: 46285 | O13: 46292 | P13: =SUM(T13:X13) -> 66 | Q13: =IF(P13>=80,"Hot",IF(P13>=60,"Warm","Cold")) -> Warm | R13: Qualified | S13: Open | T13: =IF(C13="IT Services",25,IF(C13="Retail",25,IF(C13="Construction",20,IF(C13="Food & Beverage",20,IF(C13="Travel",15,5))))) -> 5 | U13: =IF(F13="201-500",20,IF(F13="51-200",15,IF(F13="11-50",10,5))) -> 15 | V13: =IF(D13="Australia",20,IF(D13="Singapore",18,IF(D13="UAE",15,IF(D13="India",12,5)))) -> 20 | W13: =IF(J13>20000,25,IF(J13>=10000,18,IF(J13>=5000,10,5))) -> 18 | X13: =IF(M13="Meeting Booked",10,IF(M13="Replied",8,IF(M13="Email Opened",5,0))) -> 8
... A77: L076 | B77: ConstructPro | C77: Construction | D77: UAE | E77: Dubai | F77: 201-500 | G77: Alex Wong | H77: Construction Director | I77: Website | J77: 29000 | M77: Qualified | N77: 46286 | O77: 46293 | P77: =SUM(T77:X77) -> 80 | Q77: =IF(P77>=80,"Hot",IF(P77>=60,"Warm","Cold")) -> Hot | R77: Contacted | S77: Open | T77: =IF(C77="IT Services",25,IF(C77="Retail",25,IF(C77="Construction",20,IF(C77="Food & Beverage",20,IF(C77="Travel",15,5))))) -> 20 | U77: =IF(F77="201-500",20,IF(F77="51-200",15,IF(F77="11-50",10,5))) -> 20 | V77: =IF(D77="Australia",20,IF(D77="Singapore",18,IF(D77="UAE",15,IF(D77="India",12,5)))) -> 15 | W77: =IF(J77>20000,25,IF(J77>=10000,18,IF(J77>=5000,10,5))) -> 25 | X77: =IF(M77="Meeting Booked",10,IF(M77="Replied",8,IF(M77="Email Opened",5,0))) -> 0
A78: L077 | B78: FoodConnect | C78: Food & Beverage | D78: Australia | E78: Perth | F78: 18568 | G78: Maya Patel | H78: Sales Manager | I78: Referral | J78: 8500 | M78: Contacted | N78: 46282 | O78: 46290 | P78: =SUM(T78:X78) -> 55 | Q78: =IF(P78>=80,"Hot",IF(P78>=60,"Warm","Cold")) -> Cold | R78: Meeting | S78: Open | T78: =IF(C78="IT Services",25,IF(C78="Retail",25,IF(C78="Construction",20,IF(C78="Food & Beverage",20,IF(C78="Travel",15,5))))) -> 20 | U78: =IF(F78="201-500",20,IF(F78="51-200",15,IF(F78="11-50",10,5))) -> 5 | V78: =IF(D78="Australia",20,IF(D78="Singapore",18,IF(D78="UAE",15,IF(D78="India",12,5)))) -> 20 | W78: =IF(J78>20000,25,IF(J78>=10000,18,IF(J78>=5000,10,5))) -> 10 | X78: =IF(M78="Meeting Booked",10,IF(M78="Replied",8,IF(M78="Email Opened",5,0))) -> 0
A79: L078 | B79: CloudWorks | C79: IT Services | D79: India | E79: Bengaluru | F79: 51-200 | G79: Kevin Brown | H79: IT Operations Director | I79: LinkedIn | J79: 18500 | M79: Meeting Booked | N79: 46288 | O79: 46295 | P79: =SUM(T79:X79) -> 80 | Q79: =IF(P79>=80,"Hot",IF(P79>=60,"Warm","Cold")) -> Hot | R79: Qualified | S79: Open | T79: =IF(C79="IT Services",25,IF(C79="Retail",25,IF(C79="Construction",20,IF(C79="Food & Beverage",20,IF(C79="Travel",15,5))))) -> 25 | U79: =IF(F79="201-500",20,IF(F79="51-200",15,IF(F79="11-50",10,5))) -> 15 | V79: =IF(D79="Australia",20,IF(D79="Singapore",18,IF(D79="UAE",15,IF(D79="India",12,5)))) -> 12 | W79: =IF(J79>20000,25,IF(J79>=10000,18,IF(J79>=5000,10,5))) -> 18 | X79: =IF(M79="Meeting Booked",10,IF(M79="Replied",8,IF(M79="Email Opened",5,0))) -> 10
A80: L079 | B80: CareHealth | C80: Healthcare | D80: Singapore | E80: Singapore | F80: 51-200 | G80: Sana Khan | H80: Healthcare Manager | I80: Website | J80: 19000 | M80: Qualified | N80: 46286 | O80: 46293 | P80: =SUM(T80:X80) -> 56 | Q80: =IF(P80>=80,"Hot",IF(P80>=60,"Warm","Cold")) -> Cold | R80: Contacted | S80: Open | T80: =IF(C80="IT Services",25,IF(C80="Retail",25,IF(C80="Construction",20,IF(C80="Food & Beverage",20,IF(C80="Travel",15,5))))) -> 5 | U80: =IF(F80="201-500",20,IF(F80="51-200",15,IF(F80="11-50",10,5))) -> 15 | V80: =IF(D80="Australia",20,IF(D80="Singapore",18,IF(D80="UAE",15,IF(D80="India",12,5)))) -> 18 | W80: =IF(J80>20000,25,IF(J80>=10000,18,IF(J80>=5000,10,5))) -> 18 | X80: =IF(M80="Meeting Booked",10,IF(M80="Replied",8,IF(M80="Email Opened",5,0))) -> 0
A81: L080 | B81: StudySmart | C81: Education | D81: Australia | E81: Sydney | F81: 11-50 | G81: Daniel Chen | H81: Education Manager | I81: Email Campaign | J81: 9000 | M81: Meeting Booked | N81: 46289 | O81: 46296 | P81: =SUM(T81:X81) -> 55 | Q81: =IF(P81>=80,"Hot",IF(P81>=60,"Warm","Cold")) -> Cold | R81: Meeting | S81: Open | T81: =IF(C81="IT Services",25,IF(C81="Retail",25,IF(C81="Construction",20,IF(C81="Food & Beverage",20,IF(C81="Travel",15,5))))) -> 5 | U81: =IF(F81="201-500",20,IF(F81="51-200",15,IF(F81="11-50",10,5))) -> 10 | V81: =IF(D81="Australia",20,IF(D81="Singapore",18,IF(D81="UAE",15,IF(D81="India",12,5)))) -> 20 | W81: =IF(J81>20000,25,IF(J81>=10000,18,IF(J81>=5000,10,5))) -> 10 | X81: =IF(M81="Meeting Booked",10,IF(M81="Replied",8,IF(M81="Email Opened",5,0))) -> 10
A82: L081 | B82: LogisticsOne | C82: Logistics | D82: India | E82: Mumbai | F82: 201-500 | G82: Arjun Mehta | H82: Logistics Director | I82: Referral | J82: 28000 | M82: Replied | N82: 46285 | O82: 46292 | P82: =SUM(T82:X82) -> 70 | Q82: =IF(P82>=80,"Hot",IF(P82>=60,"Warm","Cold")) -> Warm | R82: Qualified | S82: Open | T82: =IF(C82="IT Services",25,IF(C82="Retail",25,IF(C82="Construction",20,IF(C82="Food & Beverage",20,IF(C82="Travel",15,5))))) -> 5 | U82: =IF(F82="201-500",20,IF(F82="51-200",15,IF(F82="11-50",10,5))) -> 20 | V82: =IF(D82="Australia",20,IF(D82="Singapore",18,IF(D82="UAE",15,IF(D82="India",12,5)))) -> 12 | W82: =IF(J82>20000,25,IF(J82>=10000,18,IF(J82>=5000,10,5))) -> 25 | X82: =IF(M82="Meeting Booked",10,IF(M82="Replied",8,IF(M82="Email Opened",5,0))) -> 8
A83: L082 | B83: TravelWorld | C83: Travel | D83: UAE | E83: Dubai | F83: 51-200 | G83: Sophie Martin | H83: Travel Operations Manager | I83: Website | J83: 15500 | M83: Qualified | N83: 46286 | O83: 46293 | P83: =SUM(T83:X83) -> 63 | Q83: =IF(P83>=80,"Hot",IF(P83>=60,"Warm","Cold")) -> Warm | R83: Meeting | S83: Open | T83: =IF(C83="IT Services",25,IF(C83="Retail",25,IF(C83="Construction",20,IF(C83="Food & Beverage",20,IF(C83="Travel",15,5))))) -> 15 | U83: =IF(F83="201-500",20,IF(F83="51-200",15,IF(F83="11-50",10,5))) -> 15 | V83: =IF(D83="Australia",20,IF(D83="Singapore",18,IF(D83="UAE",15,IF(D83="India",12,5)))) -> 15 | W83: =IF(J83>20000,25,IF(J83>=10000,18,IF(J83>=5000,10,5))) -> 18 | X83: =IF(M83="Meeting Booked",10,IF(M83="Replied",8,IF(M83="Email Opened",5,0))) -> 0
A84: L083 | B84: ConsultPro | C84: Professional Services | D84: India | E84: Delhi | F84: 51-200 | G84: Adil Khan | H84: Business Strategy Manager | I84: LinkedIn | J84: 17500 | M84: Email Opened | N84: 46283 | O84: 46291 | P84: =SUM(T84:X84) -> 55 | Q84: =IF(P84>=80,"Hot",IF(P84>=60,"Warm","Cold")) -> Cold | R84: Qualified | S84: Open | T84: =IF(C84="IT Services",25,IF(C84="Retail",25,IF(C84="Construction",20,IF(C84="Food & Beverage",20,IF(C84="Travel",15,5))))) -> 5 | U84: =IF(F84="201-500",20,IF(F84="51-200",15,IF(F84="11-50",10,5))) -> 15 | V84: =IF(D84="Australia",20,IF(D84="Singapore",18,IF(D84="UAE",15,IF(D84="India",12,5)))) -> 12 | W84: =IF(J84>20000,25,IF(J84>=10000,18,IF(J84>=5000,10,5))) -> 18 | X84: =IF(M84="Meeting Booked",10,IF(M84="Replied",8,IF(M84="Email Opened",5,0))) -> 5
A85: L084 | B85: RetailHub | C85: Retail | D85: Australia | E85: Brisbane | F85: 201-500 | G85: Emily Brown | H85: Retail Operations Director | I85: Referral | J85: 26500 | M85: Replied | N85: 46285 | O85: 46292 | P85: =SUM(T85:X85) -> 98 | Q85: =IF(P85>=80,"Hot",IF(P85>=60,"Warm","Cold")) -> Hot | R85: Contacted | S85: Open | T85: =IF(C85="IT Services",25,IF(C85="Retail",25,IF(C85="Construction",20,IF(C85="Food & Beverage",20,IF(C85="Travel",15,5))))) -> 25 | U85: =IF(F85="201-500",20,IF(F85="51-200",15,IF(F85="11-50",10,5))) -> 20 | V85: =IF(D85="Australia",20,IF(D85="Singapore",18,IF(D85="UAE",15,IF(D85="India",12,5)))) -> 20 | W85: =IF(J85>20000,25,IF(J85>=10000,18,IF(J85>=5000,10,5))) -> 25 | X85: =IF(M85="Meeting Booked",10,IF(M85="Replied",8,IF(M85="Email Opened",5,0))) -> 8
A86: L085 | B86: BuildWorks | C86: Construction | D86: India | E86: Pune | F86: 51-200 | G86: Ritesh Patil | H86: Construction Manager | I86: Website | J86: 19000 | M86: Meeting Booked | N86: 46289 | O86: 46296 | P86: =SUM(T86:X86) -> 75 | Q86: =IF(P86>=80,"Hot",IF(P86>=60,"Warm","Cold")) -> Warm | R86: Meeting | S86: Open | T86: =IF(C86="IT Services",25,IF(C86="Retail",25,IF(C86="Construction",20,IF(C86="Food & Beverage",20,IF(C86="Travel",15,5))))) -> 20 | U86: =IF(F86="201-500",20,IF(F86="51-200",15,IF(F86="11-50",10,5))) -> 15 | V86: =IF(D86="Australia",20,IF(D86="Singapore",18,IF(D86="UAE",15,IF(D86="India",12,5)))) -> 12 | W86: =IF(J86>20000,25,IF(J86>=10000,18,IF(J86>=5000,10,5))) -> 18 | X86: =IF(M86="Meeting Booked",10,IF(M86="Replied",8,IF(M86="Email Opened",5,0))) -> 10
A87: L086 | B87: FoodWorks | C87: Food & Beverage | D87: Singapore | E87: Singapore | F87: 11-50 | G87: Lucas Wong | H87: Food Services Manager | I87: Email Campaign | J87: 7000 | M87: Qualified | N87: 46286 | O87: 46293 | P87: =SUM(T87:X87) -> 58 | Q87: =IF(P87>=80,"Hot",IF(P87>=60,"Warm","Cold")) -> Cold | R87: Qualified | S87: Open | T87: =IF(C87="IT Services",25,IF(C87="Retail",25,IF(C87="Construction",20,IF(C87="Food & Beverage",20,IF(C87="Travel",15,5))))) -> 20 | U87: =IF(F87="201-500",20,IF(F87="51-200",15,IF(F87="11-50",10,5))) -> 10 | V87: =IF(D87="Australia",20,IF(D87="Singapore",18,IF(D87="UAE",15,IF(D87="India",12,5)))) -> 18 | W87: =IF(J87>20000,25,IF(J87>=10000,18,IF(J87>=5000,10,5))) -> 10 | X87: =IF(M87="Meeting Booked",10,IF(M87="Replied",8,IF(M87="Email Opened",5,0))) -> 0
A88: L087 | B88: TechFlow | C88: IT Services | D88: UAE | E88: Abu Dhabi | F88: 201-500 | G88: David Lee | H88: Technology Director | I88: Referral | J88: 32000 | M88: Meeting Booked | N88: 46289 | O88: 46296 | P88: =SUM(T88:X88) -> 95 | Q88: =IF(P88>=80,"Hot",IF(P88>=60,"Warm","Cold")) -> Hot | R88: Meeting | S88: Open | T88: =IF(C88="IT Services",25,IF(C88="Retail",25,IF(C88="Construction",20,IF(C88="Food & Beverage",20,IF(C88="Travel",15,5))))) -> 25 | U88: =IF(F88="201-500",20,IF(F88="51-200",15,IF(F88="11-50",10,5))) -> 20 | V88: =IF(D88="Australia",20,IF(D88="Singapore",18,IF(D88="UAE",15,IF(D88="India",12,5)))) -> 15 | W88: =IF(J88>20000,25,IF(J88>=10000,18,IF(J88>=5000,10,5))) -> 25 | X88: =IF(M88="Meeting Booked",10,IF(M88="Replied",8,IF(M88="Email Opened",5,0))) -> 10
A89: L088 | B89: HealthWorks | C89: Healthcare | D89: Australia | E89: Melbourne | F89: 51-200 | G89: Naina Sharma | H89: Healthcare Manager | I89: Website | J89: 17500 | M89: Replied | N89: 46286 | O89: 46293 | P89: =SUM(T89:X89) -> 66 | Q89: =IF(P89>=80,"Hot",IF(P89>=60,"Warm","Cold")) -> Warm | R89: Qualified | S89: Open | T89: =IF(C89="IT Services",25,IF(C89="Retail",25,IF(C89="Construction",20,IF(C89="Food & Beverage",20,IF(C89="Travel",15,5))))) -> 5 | U89: =IF(F89="201-500",20,IF(F89="51-200",15,IF(F89="11-50",10,5))) -> 15 | V89: =IF(D89="Australia",20,IF(D89="Singapore",18,IF(D89="UAE",15,IF(D89="India",12,5)))) -> 20 | W89: =IF(J89>20000,25,IF(J89>=10000,18,IF(J89>=5000,10,5))) -> 18 | X89: =IF(M89="Meeting Booked",10,IF(M89="Replied",8,IF(M89="Email Opened",5,0))) -> 8
A90: L089 | B90: EduWorld | C90: Education | D90: India | E90: Bengaluru | F90: 201-500 | G90: Aarav Singh | H90: Education Director | I90: LinkedIn | J90: 22500 | M90: Meeting Booked | N90: 46288 | O90: 46295 | P90: =SUM(T90:X90) -> 72 | Q90: =IF(P90>=80,"Hot",IF(P90>=60,"Warm","Cold")) -> Warm | R90: Contacted | S90: Open | T90: =IF(C90="IT Services",25,IF(C90="Retail",25,IF(C90="Construction",20,IF(C90="Food & Beverage",20,IF(C90="Travel",15,5))))) -> 5 | U90: =IF(F90="201-500",20,IF(F90="51-200",15,IF(F90="11-50",10,5))) -> 20 | V90: =IF(D90="Australia",20,IF(D90="Singapore",18,IF(D90="UAE",15,IF(D90="India",12,5)))) -> 12 | W90: =IF(J90>20000,25,IF(J90>=10000,18,IF(J90>=5000,10,5))) -> 25 | X90: =IF(M90="Meeting Booked",10,IF(M90="Replied",8,IF(M90="Email Opened",5,0))) -> 10
... A101: L100 | B101: TravelPlus | C101: Travel | D101: Australia | E101: Sydney | F101: 51-200 | G101: Olivia Wilson | H101: Travel Sales Manager | I101: Email Campaign | J101: 16500 | M101: Qualified | N101: 46286 | O101: 46293 | P101: =SUM(T101:X101) -> 68 | Q101: =IF(P101>=80,"Hot",IF(P101>=60,"Warm","Cold")) -> Warm | R101: Qualified | S101: Open | T101: =IF(C101="IT Services",25,IF(C101="Retail",25,IF(C101="Construction",20,IF(C101="Food & Beverage",20,IF(C101="Travel",15,5))))) -> 15 | U101: =IF(F101="201-500",20,IF(F101="51-200",15,IF(F101="11-50",10,5))) -> 15 | V101: =IF(D101="Australia",20,IF(D101="Singapore",18,IF(D101="UAE",15,IF(D101="India",12,5)))) -> 20 | W101: =IF(J101>20000,25,IF(J101>=10000,18,IF(J101>=5000,10,5))) -> 18 | X101: =IF(M101="Meeting Booked",10,IF(M101="Replied",8,IF(M101="Email Opened",5,0))) -> 0

Sheet Sales Analytics
A1: B2B Sales Funnel Analytics
A3: Total Leads | B3: =COUNTA(Lead_Database!A2:A101) -> 100 | D3: Lead Category | E3: Number of Leads | G3: Lead Source | H3: Leads | J3: Sales Stage | K3: Leads
A4: Total Pipeline Value | B4: =SUM(Lead_Database!J2:J101) -> 1745500 | D4: Hot | E4: =COUNTIF(Lead_Database!Q2:Q101,D4) -> 29 | G4: Website | H4: =COUNTIF(Lead_Database!I2:I101,G4) -> 31 | J4: New Lead | K4: =COUNTIF(Lead_Database!R2:R101,J4) -> 0
A5: Hot Leads | B5: =COUNTIF(Lead_Database!Q2:Q101,"Hot") -> 29 | D5: Warm | E5: =COUNTIF(Lead_Database!Q3:Q102,D5) -> 44 | G5: Referral | H5: =COUNTIF(Lead_Database!I3:I102,G5) -> 27 | J5: Contacted | K5: =COUNTIF(Lead_Database!R3:R102,J5) -> 27
A6: Meetings | B6: =COUNTIF(Lead_Database!M2:M101,"Meeting Booked") -> 34 | D6: Cold | E6: =COUNTIF(Lead_Database!Q4:Q103,D6) -> 27 | G6: LinkedIn | H6: =COUNTIF(Lead_Database!I4:I103,G6) -> 22 | J6: Qualified | K6: =COUNTIF(Lead_Database!R4:R103,J6) -> 34
A7: Qualified Leads | B7: =COUNTIF(Lead_Database!R2:R101,"Qualified") -> 35 | G7: Email Campaign | H7: =COUNTIF(Lead_Database!I5:I104,G7) -> 19 | J7: Meeting | K7: =COUNTIF(Lead_Database!R5:R104,J7) -> 36
A8: Won Deals | B8: =COUNTIF(Lead_Database!S2:S101,"Won") -> 0 | J8: Proposal | K8: =COUNTIF(Lead_Database!R6:R105,J8) -> 0
A9: Lost Deals | B9: =COUNTIF(Lead_Database!S2:S101,"Lost") -> 0 | J9: Negotiation | K9: =COUNTIF(Lead_Database!R7:R106,J9) -> 0
A10: Conversion Rate | B10: =IFERROR(B9/B3,0) -> 0 | J10: Won | K10: =COUNTIF(Lead_Database!R8:R107,J10) -> 0
A11: Qualification Rate | B11: =IFERROR(B8/B3,0) -> 0 | J11: Lost | K11: =COUNTIF(Lead_Database!R9:R108,J11) -> 0
A12: Meeting Rate | B12: =IFERROR(B7/B3,0) -> 0.35
A13: Average Deal Value | B13: =AVERAGE(Lead_Database!J2:J101) -> 17455
A14: Open Pipeline Value | B14: =SUMIF(Lead_Database!S2:S101,"Open",Lead_Database!J2:J101) -> 1745500
